{"eine Million": 1000000, "zwei": 2, "drei": 3, "vier": 4, "f\u00fcnf": 5, "sechs": 6, "sieben": 7, "acht": 8, "neun": 9, "zehn": 10, "elf": 11, "zw\u00f6lf": 12, "dutzend": 12, "hundert": 100, "tausend": 1000, "millionen": "000000", "H\u00e4lfte": 0.5, "\u2153": 0.3333333333333333, "\u00bd": 0.5, "\u2154": 0.6666666666666666, "\u00bc": 0.25, "\u00be": 0.75, "eine million": 1000000}